{"cameraMode":{"drawMode":0,"name":"Shaded","section":"Shading Mode"},"sceneLighting":false,"audioPlay":false,"sceneViewState":{"m_AlwaysRefresh":false,"showFog":true,"showSkybox":false,"showFlares":true,"showImageEffects":true,"showParticleSystems":true,"showVisualEffectGraphs":true,"m_FxEnabled":true},"in2DMode":false,"pivot":{"x":-12.9138765335083,"y":11.778170585632325,"z":-9.787254333496094},"rotation":{"x":0.17807649075984956,"y":-0.22366072237491609,"z":0.041595879942178729,"w":0.9573975801467896},"size":12.124356269836426,"orthographic":false}